aphia_id,scientific_name,weight,rank
1,Biota,0.0,Superdomain
2,Animalia,16.0,Kingdom
1065,Arthropoda,6.0,Phylum
1066,Crustacea,6.6000000000000005,Subphylum
845959,Multicrustacea,12.0,Superclass
1071,Malacostraca,12.0,Class
1086,Eumalacostraca,12.600000000000001,Subclass
1089,Eucarida,18.0,Superorder
1130,Decapoda,18.0,Order
106670,Pleocyemata,18.6,Suborder
106673,Brachyura,6.3,Infraorder
106679,Eubrachyura,0.0,Section
106680,Heterotremata,0.0,Subsection
106702,Portunoidea,8.0,Superfamily
557511,Carcinidae,8.0,Family
148432,Carcininae,8.2,Subfamily
106922,Carcinus,11.0,Genus
107380,Carcinus aestuarii,14,Species
1821,Chordata,22.0,Phylum
146419,Vertebrata,24.200000000000003,Subphylum
1828,Gnathostomata,25.299999999999997,Infraphylum
152352,Osteichthyes,26.4,Parvphylum
10194,Actinopterygii,44.0,Gigaclass
843664,Actinopteri,44.0,Class
293496,Teleostei,46.2,Subclass
10331,Pleuronectiformes,12.0,Order
125581,Soleidae,8.0,Family
126132,Solea,11.0,Genus
127160,Solea solea,14,Species
125579,Pleuronectidae,8.0,Family
154687,Pleuronectinae,8.2,Subfamily
126119,Platichthys,11.0,Genus
127141,Platichthys flesus,14,Species
397228,Mugiliformes,12.0,Order
151725,Mugiloidei,12.4,Suborder
125546,Mugilidae,16.0,Family
126030,Chelon,11.0,Genus
126977,Chelon labrosus,14,Species
51,Mollusca,4.0,Phylum
105,Bivalvia,4.0,Class
1424948,Autobranchia,4.2,Subclass
1424949,Heteroconchia,4.3,Infraclass
382296,Euheterodonta,4.2,Subterclass
869600,Imparidentia,6.0,Superorder
217,Venerida,6.0,Order
14638,Veneroidea,8.0,Superfamily
243,Veneridae,8.0,Family
152835,Tapetinae,8.2,Subfamily
231748,Ruditapes,11.0,Genus
106674,Caridea,12.6,Infraorder
106712,Crangonoidea,8.0,Superfamily
106782,Crangonidae,8.0,Family
107007,Crangon,11.0,Genus
107552,Crangon crangon,14,Species
1517500,Gobiiformes,12.0,Order
125537,Gobiidae,16.0,Family
267094,Gobiinae,16.4,Subfamily
125999,Pomatoschistus,11.0,Genus
106715,Palaemonoidea,8.0,Superfamily
106788,Palaemonidae,8.0,Family
107032,Palaemon,11.0,Genus
991849,Elopomorpha,6.0,Superorder
10295,Anguilliformes,6.0,Order
125425,Anguillidae,8.0,Family
125620,Anguilla,11.0,Genus
126281,Anguilla anguilla,14,Species
10297,Clupeiformes,12.0,Order
125465,Engraulidae,8.0,Family
125724,Engraulis,11.0,Genus
126426,Engraulis encrasicolus,14,Species
10318,Atheriniformes,6.0,Order
125438,Atherinidae,8.0,Family
151851,Atherininae,8.2,Subfamily
125659,Atherina,11.0,Genus
272027,Atherina boyeri,14,Species
1517577,Eupercaria incertae sedis,6.0,Order
125545,Moronidae,8.0,Family
126029,Dicentrarchus,11.0,Genus
126975,Dicentrarchus labrax,14,Species
126007,Zosterisessor,11.0,Genus
126942,Zosterisessor ophiocephalus,14,Species
11707,Cephalopoda,4.0,Class
11709,Coleoidea,4.2,Subclass
325342,Decapodiformes,6.0,Superorder
11713,Sepiida,6.0,Order
1454578,Sepiina,6.2,Suborder
1454584,Sepioidea,8.0,Superfamily
11723,Sepiidae,8.0,Family
138477,Sepia,11.0,Genus
141444,Sepia officinalis,14,Species
125464,Clupeidae,8.0,Family
125723,Sprattus,11.0,Genus
126425,Sprattus sprattus,14,Species
